i,j,alpha,delta,gamma
1,2,-0.0009,-0.0124,72.53
1,3,0.0182,-0.0215,-71.15
1,4,-0.0062,-0.0052,18.82
1,5,-0.0356,0.0068,74.45
1,6,-0.008,0.0093,52.73
1,7,-0.0358,0.0017,-47.12
1,8,0.0164,-0.0025,7.06
1,9,-0.0304,0.0102,9.18
1,10,-0.0228,-0.0055,57.26
1,11,0.001,0.0021,50.16
1,12,0.0542,-0.0061,-15.86
1,13,-0.0344,0.0042,99.03
1,14,-0.0134,-0.0104,-37.71
1,15,0.0095,0.0054,58.02
1,16,-0.0066,0.0058,-11.83
1,17,0.0287,0.0135,-4.35
1,18,0.0472,0.0038,0.24
1,19,0.0453,-0.0145,-42.38
1,20,0.0012,-0.0047,-39.26
1,21,0.0798,-0.0074,47.78
1,22,-0.0473,-0.001,-8.61
1,23,0.0434,0.0115,35.53
1,24,-0.0205,-0.0036,51.48
1,25,-0.0157,-0.0118,-68.0
1,26,-0.0376,0.006,8.55
1,27,0.0107,-0.0033,9.51
1,28,0.0088,-0.0021,27.41
1,29,-0.0299,-0.0026,-22.9
1,30,-0.0459,0.0059,-28.16
1,31,-0.0096,0.0058,26.79
1,32,0.01,0.0,-25.4
1,33,-0.0124,-0.0159,-86.83
1,34,-0.0497,-0.009,23.99
1,35,-0.0372,-0.0028,77.95
1,36,-0.0207,0.0084,-56.02
1,37,-0.0162,-0.0085,-20.34
1,38,0.0152,-0.0163,26.07
1,39,-0.0067,-0.0059,-86.76
1,40,-0.0125,-0.0053,13.96
1,41,-0.0142,0.016,-14.36
1,42,-0.0508,0.0018,13.2
1,43,0.0326,0.0084,21.41
1,44,0.0362,-0.0119,-38.39
1,45,-0.0474,-0.0039,-82.6
1,46,0.0254,-0.0022,-88.25
1,47,-0.0406,0.0031,50.29
1,48,0.0799,0.0291,24.86
1,49,-0.0396,-0.0213,16.06
1,50,-0.0325,-0.0042,-36.73
2,3,-0.0142,0.0087,30.99
2,4,-0.0148,-0.0124,-97.23
2,5,-0.0246,-0.0025,143.76
2,6,-0.0061,0.0078,-14.95
2,7,-0.0455,-0.0117,-30.77
2,8,0.0539,-0.0102,78.69
2,9,-0.0371,0.0073,46.95
2,10,-0.0147,-0.0024,-25.84
2,11,0.0034,-0.0065,-65.79
2,12,-0.0483,-0.0003,130.54
2,13,-0.0052,-0.0032,40.01
2,14,0.0292,0.0002,-8.76
2,15,0.0232,0.0023,127.5
2,16,0.0273,-0.0117,-115.77
2,17,0.086,0.0237,-32.57
2,18,0.0047,0.0205,-97.49
2,19,-0.0158,0.0107,-47.62
2,20,0.0198,0.001,3.63
2,21,0.0763,0.0041,25.08
2,22,-0.062,0.0024,-79.03
2,23,-0.0288,-0.0075,-43.39
2,24,0.0175,-0.0123,1.84
2,25,-0.0245,-0.0023,60.17
2,26,0.0061,0.0144,-9.27
2,27,-0.0309,-0.0012,14.55
2,28,-0.0047,-0.0098,5.43
2,29,-0.0032,0.0262,112.61
2,30,-0.0356,-0.0019,-87.81
2,31,-0.0277,0.0042,72.35
2,32,-0.0319,-0.0055,-128.84
2,33,-0.0149,-0.0096,-31.77
2,34,-0.0363,0.0001,-105.46
2,35,-0.054,0.0223,-77.25
2,36,-0.0429,0.0194,150.0
2,37,-0.0451,-0.0027,20.49
2,38,0.0419,-0.0089,-14.72
2,39,0.0122,0.0043,-22.57
2,40,-0.0197,-0.0137,-14.29
2,41,-0.0243,0.0023,-33.32
2,42,0.0015,0.0101,9.33
2,43,-0.0027,0.0005,0.01
2,44,-0.0403,0.0032,-5.84
2,45,0.0583,0.0157,23.15
2,46,-0.0305,-0.0111,71.47
2,47,0.0105,0.0048,-104.68
2,48,0.0371,0.0045,-66.63
2,49,-0.0189,0.0026,3.15
2,50,-0.0117,-0.001,-15.12
3,4,-0.0054,0.0127,-159.67
3,5,-0.0171,-0.0002,40.72
3,6,-0.0212,-0.0196,42.96
3,7,0.0418,-0.0173,80.47
3,8,-0.0199,-0.0026,-53.7
3,9,-0.02,0.011,60.79
3,10,0.042,0.0098,50.74
3,11,0.0423,0.0024,77.96
3,12,-0.0189,-0.0013,-28.82
3,13,0.0197,-0.0138,74.76
3,14,-0.0157,0.0097,72.56
3,15,0.0446,0.0053,-90.04
3,16,0.0173,-0.0111,-56.28
3,17,0.0804,0.0107,-68.93
3,18,-0.0205,0.0034,-105.16
3,19,-0.0068,0.0067,60.87
3,20,0.0444,-0.0245,1.31
3,21,0.0229,0.008,93.13
3,22,-0.0625,-0.0041,21.36
3,23,-0.0433,0.0207,5.78
3,24,0.0154,-0.0047,48.83
3,25,0.0221,0.0033,14.06
3,26,-0.0019,-0.0076,-8.85
3,27,-0.0146,0.0048,59.99
3,28,-0.0418,-0.0003,88.89
3,29,-0.0323,-0.0072,12.14
3,30,0.0153,0.0011,79.74
3,31,0.0157,0.0094,33.25
3,32,0.0598,-0.0011,-120.21
3,33,0.0381,-0.0036,6.47
3,34,0.0293,-0.015,-75.1
3,35,-0.058,-0.0069,26.38
3,36,0.0057,0.0038,-84.77
3,37,-0.0793,0.0015,-28.31
3,38,0.0038,0.008,8.29
3,39,0.0116,0.0023,31.8
3,40,-0.0397,-0.0018,11.81
3,41,0.0137,-0.0039,31.27
3,42,-0.0243,-0.0012,49.77
3,43,-0.0848,-0.013,-88.93
3,44,-0.0967,-0.0068,44.97
3,45,-0.025,0.002,65.35
3,46,0.0531,-0.0007,81.22
3,47,0.0037,-0.0084,-35.66
3,48,-0.0592,-0.0089,-21.48
3,49,0.0321,0.0172,-82.93
3,50,0.0157,-0.0104,28.48
4,5,-0.0139,-0.0203,84.98
4,6,-0.0282,-0.0073,-54.88
4,7,-0.0296,0.0023,6.75
4,8,-0.0001,0.0016,112.45
4,9,-0.0203,-0.0168,94.71
4,10,-0.0199,0.0091,46.84
4,11,-0.0139,0.0015,156.57
4,12,0.0523,-0.0013,31.21
4,13,0.0223,-0.0105,43.31
4,14,-0.0108,0.0011,-38.34
4,15,-0.0577,-0.0227,-58.22
4,16,0.0017,-0.0005,115.61
4,17,0.0642,-0.0085,4.34
4,18,0.0037,-0.0004,-7.03
4,19,0.0448,-0.0011,54.47
4,20,-0.0257,0.0031,161.84
4,21,0.0289,0.0202,-13.59
4,22,0.0432,0.0023,-31.93
4,23,-0.0112,0.0082,-79.61
4,24,0.01,0.0119,21.99
4,25,-0.0186,0.0055,-18.52
4,26,0.0181,-0.0173,-20.14
4,27,-0.0697,-0.014,81.83
4,28,0.0169,-0.0062,-90.15
4,29,-0.0989,-0.0044,145.22
4,30,0.003,-0.0046,27.9
4,31,-0.0568,-0.002,5.97
4,32,-0.0126,0.0089,20.68
4,33,0.01,-0.0059,53.87
4,34,0.0389,-0.0087,-53.26
4,35,0.0301,-0.0009,84.23
4,36,-0.0233,0.0156,7.89
4,37,-0.0023,0.0166,-21.71
4,38,-0.0382,-0.0035,27.14
4,39,-0.0698,0.0064,-32.33
4,40,0.0252,-0.0239,-47.19
4,41,-0.074,-0.0083,14.86
4,42,-0.0213,-0.0025,-9.55
4,43,-0.0079,-0.0101,42.41
4,44,0.0082,0.0039,33.39
4,45,-0.0046,0.0204,-5.23
4,46,-0.0123,-0.0075,-61.94
4,47,-0.0498,-0.0089,-4.24
4,48,0.0134,0.0005,-45.93
4,49,0.036,0.0074,-9.58
4,50,-0.0261,0.0055,11.28
5,6,-0.0534,-0.0027,38.34
5,7,-0.037,-0.0001,-81.84
5,8,0.0301,0.0105,2.32
5,9,0.0009,-0.0261,-60.94
5,10,-0.0188,-0.0127,70.01
5,11,0.0499,-0.0138,-38.62
5,12,-0.0029,0.0141,-65.57
5,13,-0.0025,0.0162,-95.62
5,14,-0.0484,-0.0062,-16.44
5,15,0.0144,0.0004,-104.25
5,16,0.0406,-0.0039,69.21
5,17,-0.0051,-0.0046,17.88
5,18,0.0505,0.0084,-137.99
5,19,0.0415,-0.0094,-3.53
5,20,-0.0369,0.0084,-76.46
5,21,-0.0313,0.0116,-3.08
5,22,-0.0046,0.0204,-50.85
5,23,0.0213,0.0062,-63.38
5,24,0.0041,-0.0043,-24.7
5,25,0.0309,-0.0094,-144.77
5,26,0.0383,0.0265,-24.32
5,27,-0.0681,-0.0021,-17.17
5,28,-0.0157,-0.0101,34.77
5,29,0.0057,-0.0139,41.95
5,30,0.0516,0.0027,-20.24
5,31,-0.0143,0.0072,-103.84
5,32,-0.0051,-0.0029,110.87
5,33,-0.0152,0.0177,-66.22
5,34,0.0076,0.0042,-52.14
5,35,-0.0047,0.0131,-19.43
5,36,-0.0608,0.0008,-54.15
5,37,-0.0203,0.0002,-102.34
5,38,-0.0585,0.0058,-31.36
5,39,-0.1048,0.0078,16.34
5,40,-0.04,-0.0132,50.15
5,41,-0.0028,0.0238,25.21
5,42,-0.0014,-0.0017,49.01
5,43,0.0069,0.0125,-31.28
5,44,-0.0302,-0.0048,47.45
5,45,0.0374,-0.0046,-25.49
5,46,0.0126,-0.0025,57.12
5,47,-0.0901,-0.0083,-46.94
5,48,-0.0928,-0.0096,-54.91
5,49,-0.008,0.0111,-14.7
5,50,-0.0412,-0.0006,62.95
6,7,-0.0393,-0.0111,59.1
6,8,-0.0166,0.0045,19.04
6,9,0.011,-0.0124,19.15
6,10,-0.0163,-0.0142,-89.44
6,11,0.0106,-0.0055,-51.56
6,12,-0.0129,0.0093,-139.65
6,13,-0.0549,-0.0112,122.28
6,14,-0.0015,0.0057,-59.81
6,15,-0.0436,0.0025,24.08
6,16,0.0419,0.0007,-0.53
6,17,0.0263,0.0123,36.49
6,18,-0.0448,-0.024,50.12
6,19,0.0675,-0.0092,-150.19
6,20,0.024,0.0142,105.83
6,21,0.0407,-0.0015,-82.52
6,22,0.0205,-0.0006,-91.05
6,23,0.102,0.0244,59.52
6,24,-0.0376,0.0096,38.38
6,25,0.0033,0.0135,38.12
6,26,0.0122,0.0074,20.45
6,27,-0.0635,0.0018,-33.37
6,28,-0.0484,0.0178,103.74
6,29,0.0308,0.0036,81.04
6,30,-0.0096,0.003,-65.61
6,31,0.0019,0.0016,-78.16
6,32,-0.0115,0.0002,107.85
6,33,0.0168,0.0011,14.93
6,34,-0.0087,-0.001,-64.95
6,35,-0.0145,-0.0065,-75.02
6,36,0.0053,0.0049,-107.2
6,37,-0.0137,0.011,63.55
6,38,0.0208,0.0014,-50.7
6,39,-0.0529,0.0034,22.76
6,40,0.0301,0.011,-7.93
6,41,-0.0585,-0.0032,13.03
6,42,-0.0221,-0.0058,15.17
6,43,-0.0326,-0.0063,18.69
6,44,-0.0291,0.0024,16.39
6,45,-0.0549,-0.0048,86.27
6,46,-0.0465,-0.0212,-111.71
6,47,0.0012,0.0003,-7.06
6,48,0.0486,-0.0267,23.76
6,49,0.0625,-0.0113,-22.79
6,50,-0.0301,-0.0089,-19.58
7,8,0.0328,0.0164,-3.52
7,9,0.0472,-0.0016,142.76
7,10,-0.0128,-0.0007,45.58
7,11,0.0854,0.0065,-29.51
7,12,0.0191,-0.0056,-14.28
7,13,0.0173,-0.0017,39.5
7,14,-0.0096,0.0014,49.75
7,15,-0.0681,0.0047,-48.74
7,16,-0.0377,0.0023,-14.12
7,17,-0.0077,0.013,-113.95
7,18,0.0037,-0.004,-23.26
7,19,0.0312,-0.0091,30.7
7,20,0.0225,-0.0197,-157.1
7,21,0.0195,0.0003,-27.24
7,22,0.0189,0.0057,46.34
7,23,-0.0244,-0.0111,-96.53
7,24,-0.0013,0.0134,-25.88
7,25,-0.0851,-0.016,-49.98
7,26,-0.0267,-0.0031,2.31
7,27,-0.0194,0.0115,-40.56
7,28,-0.0359,0.0058,-92.14
7,29,0.0017,0.002,-8.85
7,30,0.0376,-0.0052,123.62
7,31,-0.0168,-0.0118,4.2
7,32,-0.0423,-0.0065,23.82
7,33,0.0067,-0.0052,59.24
7,34,0.0247,0.0154,31.76
7,35,0.0309,-0.0178,-19.07
7,36,-0.036,0.0022,-34.29
7,37,-0.015,0.0198,-10.18
7,38,0.0024,-0.0013,4.54
7,39,-0.0148,0.0045,69.92
7,40,0.0427,0.0031,35.37
7,41,-0.0553,-0.0009,56.42
7,42,0.0153,0.0021,53.18
7,43,0.0022,0.012,17.36
7,44,-0.0274,0.0034,-150.0
7,45,-0.0016,-0.03,-103.41
7,46,0.0181,0.0048,-69.75
7,47,-0.0285,0.0137,-29.04
7,48,0.0897,-0.0,24.48
7,49,0.0647,0.0013,-60.14
7,50,-0.0044,-0.0004,-81.88
8,9,-0.0177,-0.0094,84.71
8,10,-0.009,-0.0048,12.57
8,11,-0.0033,0.0042,-49.98
8,12,-0.0412,0.009,-8.86
8,13,-0.0525,0.0024,52.44
8,14,-0.0559,0.0003,71.49
8,15,0.0012,0.0043,-78.3
8,16,0.0332,-0.0006,-53.8
8,17,0.0548,0.0208,105.61
8,18,0.0726,0.0017,4.69
8,19,0.0507,0.0045,-10.85
8,20,0.053,0.0023,-71.05
8,21,0.0034,0.0106,-19.79
8,22,0.0336,0.011,-46.24
8,23,0.0502,0.0075,-106.44
8,24,0.0333,-0.004,-99.31
8,25,-0.0414,-0.0092,3.13
8,26,-0.0182,-0.0024,37.18
8,27,0.0002,0.0042,24.59
8,28,0.0085,-0.0201,-21.87
8,29,-0.0754,0.0014,-0.28
8,30,0.0214,0.0129,12.17
8,31,-0.025,0.0059,-31.68
8,32,-0.01,0.0109,-33.47
8,33,0.0142,0.0078,-57.29
8,34,0.0192,0.008,6.12
8,35,-0.0329,-0.0076,-32.26
8,36,0.0063,-0.0086,26.25
8,37,-0.0473,-0.001,6.58
8,38,0.0634,-0.0128,88.32
8,39,-0.0098,0.0041,7.1
8,40,0.0006,-0.0015,87.24
8,41,-0.031,0.0113,-38.66
8,42,-0.0171,-0.0107,27.3
8,43,0.0356,-0.0008,-11.81
8,44,-0.054,-0.0023,-95.57
8,45,-0.047,0.0023,79.14
8,46,0.1124,-0.0059,86.12
8,47,0.0098,-0.0015,25.96
8,48,0.0025,0.0011,-24.5
8,49,-0.0559,-0.0154,39.19
8,50,-0.0111,-0.006,0.51
9,10,0.0138,-0.0002,-25.92
9,11,0.0268,0.0138,54.62
9,12,0.0192,0.0104,99.11
9,13,0.0084,0.004,56.38
9,14,-0.0429,0.005,-74.91
9,15,-0.0338,0.011,78.82
9,16,0.0795,-0.0003,-100.66
9,17,0.0104,0.0042,-14.47
9,18,0.0653,-0.0013,4.64
9,19,-0.0195,0.0084,-19.78
9,20,-0.01,0.0002,-32.89
9,21,0.0092,0.0243,-26.89
9,22,0.0102,-0.0222,-82.59
9,23,0.0095,-0.0052,76.72
9,24,-0.0149,0.0139,3.7
9,25,-0.0089,0.0001,0.23
9,26,0.0416,-0.0222,-120.09
9,27,-0.0263,0.0011,41.41
9,28,0.0042,-0.0028,61.14
9,29,0.0209,0.0028,57.76
9,30,-0.0018,-0.0046,41.87
9,31,-0.0067,0.001,88.38
9,32,-0.0835,-0.0132,-71.22
9,33,-0.0209,-0.0015,-90.44
9,34,-0.0396,-0.0076,147.45
9,35,0.0441,-0.0031,-21.81
9,36,-0.0445,-0.0181,-7.01
9,37,-0.0399,0.0002,-96.01
9,38,-0.0329,0.0025,21.97
9,39,-0.0004,-0.0132,51.28
9,40,-0.043,0.0063,-0.64
9,41,-0.0632,-0.0032,21.92
9,42,0.0065,-0.0014,91.91
9,43,0.0203,-0.0026,45.01
9,44,0.0527,0.0196,-73.68
9,45,-0.0474,0.0148,-63.5
9,46,-0.0529,-0.0049,25.21
9,47,-0.0041,-0.0065,-40.45
9,48,-0.0285,-0.0088,136.9
9,49,0.0119,0.0089,-29.34
9,50,-0.0074,-0.0071,-150.0
10,11,-0.0513,-0.0201,-137.48
10,12,-0.0459,0.0112,16.89
10,13,0.0287,0.0021,74.78
10,14,-0.037,0.0032,71.01
10,15,-0.0273,0.0036,59.63
10,16,-0.002,-0.0105,-102.89
10,17,0.0235,0.0069,-75.48
10,18,0.0211,0.0098,23.27
10,19,0.0821,0.0183,-90.09
10,20,0.0873,-0.0034,53.14
10,21,0.0227,-0.0019,-146.54
10,22,0.0131,-0.0157,47.71
10,23,0.0807,-0.0066,1.14
10,24,-0.0318,-0.0053,46.47
10,25,-0.0112,0.0184,-28.93
10,26,0.02,0.002,47.75
10,27,-0.0234,0.0005,-6.93
10,28,-0.0351,0.0076,39.01
10,29,0.0078,0.0164,86.96
10,30,-0.0212,0.0047,-37.42
10,31,-0.0093,-0.005,97.2
10,32,0.0009,-0.0012,71.62
10,33,-0.0751,-0.0191,47.75
10,34,-0.0082,0.0035,-79.58
10,35,-0.0107,0.021,49.45
10,36,-0.0049,-0.0034,-23.67
10,37,-0.0739,0.0036,50.73
10,38,-0.0573,-0.0056,-69.45
10,39,-0.0488,0.0005,-125.06
10,40,0.0065,0.0075,-15.07
10,41,-0.1018,-0.01,73.97
10,42,-0.1122,-0.0035,-70.8
10,43,0.0132,-0.0068,24.24
10,44,0.0048,0.0184,-12.18
10,45,-0.0018,-0.0149,71.42
10,46,-0.0304,-0.0056,-1.33
10,47,-0.0625,0.0023,58.05
10,48,0.0117,-0.0159,-7.43
10,49,0.0297,-0.0188,-64.49
10,50,0.0351,0.0027,24.72
11,12,0.0458,0.0027,66.05
11,13,0.0713,-0.0041,-35.85
11,14,0.0028,0.0024,-16.87
11,15,-0.041,0.0211,42.88
11,16,-0.0093,0.014,-27.64
11,17,0.0099,0.0097,-110.43
11,18,0.0341,0.026,12.63
11,19,0.005,-0.0031,-48.72
11,20,0.0098,-0.0015,44.14
11,21,-0.0493,0.0133,-46.58
11,22,0.0351,-0.0105,73.0
11,23,0.0698,0.0145,-126.03
11,24,0.0149,0.005,-96.32
11,25,-0.0107,0.0046,33.36
11,26,-0.0047,0.0039,88.42
11,27,0.0268,-0.0277,-19.05
11,28,-0.0149,-0.0165,5.65
11,29,0.0275,-0.0099,20.18
11,30,-0.0375,-0.0057,88.64
11,31,-0.0263,0.0056,-112.27
11,32,0.0459,0.007,-10.95
11,33,0.0073,-0.0131,70.95
11,34,-0.0197,-0.001,-29.5
11,35,-0.0274,0.0079,15.35
11,36,0.0096,0.0009,30.79
11,37,-0.0226,0.0233,-94.08
11,38,0.0278,0.0147,-51.13
11,39,0.063,0.01,58.27
11,40,-0.014,-0.0022,-12.56
11,41,-0.0013,0.014,10.88
11,42,-0.0469,0.0082,55.27
11,43,0.0079,0.0075,-16.26
11,44,-0.0475,-0.0087,-98.13
11,45,-0.0067,-0.0008,-26.4
11,46,-0.1182,-0.0125,67.25
11,47,-0.0266,0.0036,-83.44
11,48,0.0575,-0.0014,17.4
11,49,0.093,0.0152,-18.39
11,50,-0.0237,-0.0033,30.59
12,13,-0.0132,-0.006,122.7
12,14,-0.0134,0.021,26.35
12,15,0.0436,0.0016,87.41
12,16,-0.009,-0.0072,12.18
12,17,0.0595,0.0035,-110.05
12,18,-0.0344,-0.0141,-143.73
12,19,0.0244,0.0165,-20.94
12,20,-0.0704,0.0007,-31.4
12,21,0.1038,-0.0145,-47.35
12,22,0.0882,0.0084,19.43
12,23,0.0246,0.007,34.43
12,24,-0.0343,0.0098,-82.38
12,25,-0.0001,0.0028,-36.98
12,26,-0.0107,-0.0052,-64.3
12,27,-0.0206,-0.01,19.37
12,28,-0.0445,0.0081,-70.89
12,29,-0.027,-0.0052,79.51
12,30,-0.0001,-0.0011,29.92
12,31,-0.0732,0.0006,119.85
12,32,-0.006,0.0017,32.89
12,33,0.0169,-0.019,-100.94
12,34,-0.0037,-0.0061,78.72
12,35,-0.0195,-0.0183,-76.08
12,36,-0.0925,-0.0013,-11.3
12,37,-0.0227,0.0118,71.91
12,38,-0.0151,-0.0203,37.04
12,39,0.0044,0.0031,58.89
12,40,-0.0558,0.0201,-57.57
12,41,0.0112,-0.0169,-55.82
12,42,0.0381,-0.0026,50.4
12,43,-0.0067,-0.001,81.83
12,44,-0.0233,-0.0178,-48.19
12,45,0.0043,0.004,-94.02
12,46,-0.029,-0.0058,-21.93
12,47,-0.055,-0.0063,-43.72
12,48,0.0309,0.0081,-8.75
12,49,-0.0157,0.0014,-48.99
12,50,-0.0459,-0.0094,-38.09
13,14,-0.0449,-0.0004,71.08
13,15,-0.0576,-0.0017,4.6
13,16,0.0337,0.0028,-121.75
13,17,-0.0305,0.0034,52.01
13,18,-0.0686,0.0071,63.27
13,19,0.0139,0.0096,-69.21
13,20,0.0152,-0.0165,-180.0
13,21,0.0577,-0.0088,-51.89
13,22,-0.0355,-0.0139,-32.17
13,23,-0.0092,0.0075,11.68
13,24,-0.0004,0.0034,94.67
13,25,-0.042,0.0005,67.96
13,26,0.0279,-0.0132,-18.74
13,27,0.0307,0.0061,11.72
13,28,-0.0165,-0.0028,17.29
13,29,-0.0176,0.0006,4.72
13,30,-0.0303,0.0063,150.0
13,31,-0.0633,0.0042,-45.61
13,32,0.0073,0.0015,45.71
13,33,0.0253,0.0029,67.92
13,34,-0.0803,0.0169,22.5
13,35,0.0223,-0.0112,-49.85
13,36,-0.0056,0.0008,16.98
13,37,0.0225,-0.0167,58.43
13,38,-0.0098,-0.001,-88.27
13,39,0.0026,-0.0241,38.9
13,40,-0.0672,0.0005,-7.15
13,41,0.0259,-0.0018,-41.65
13,42,-0.0327,0.0127,32.18
13,43,-0.0285,-0.0024,-94.03
13,44,-0.0014,-0.0176,45.11
13,45,-0.0105,0.0239,-66.01
13,46,-0.0041,0.018,71.48
13,47,-0.0278,0.0022,0.12
13,48,0.0113,-0.007,-5.36
13,49,-0.0639,0.0014,27.0
13,50,-0.0091,-0.0162,59.31
14,15,0.0009,-0.0093,0.36
14,16,-0.04,-0.0093,-57.65
14,17,0.0691,-0.0047,24.81
14,18,-0.0015,0.006,-29.9
14,19,0.0549,-0.0034,-130.08
14,20,-0.0353,-0.0034,-107.43
14,21,0.0364,-0.0026,146.22
14,22,-0.0495,0.0054,-98.96
14,23,0.0003,0.0047,-180.0
14,24,-0.0029,0.02,-27.21
14,25,-0.0022,0.0112,-9.84
14,26,-0.0274,-0.0218,38.46
14,27,-0.0134,-0.0091,7.6
14,28,-0.0275,-0.0043,36.38
14,29,-0.0502,0.0115,-83.86
14,30,-0.0299,0.0202,67.64
14,31,-0.0071,-0.0084,-31.76
14,32,-0.0078,0.0014,-5.45
14,33,-0.0109,-0.0011,-86.52
14,34,-0.0255,0.0101,-82.1
14,35,-0.0157,-0.0072,6.68
14,36,-0.0217,0.0158,30.39
14,37,-0.0494,0.0077,-46.48
14,38,-0.0273,0.0041,-29.5
14,39,0.0162,-0.0077,-37.14
14,40,-0.038,-0.0057,65.95
14,41,0.007,0.0171,136.06
14,42,-0.0511,0.0007,-70.57
14,43,-0.0422,-0.0063,-63.43
14,44,-0.0518,-0.0014,-73.0
14,45,0.0145,-0.0092,150.0
14,46,-0.0181,0.0007,-77.72
14,47,0.0682,0.0112,17.81
14,48,-0.0539,0.0021,-67.29
14,49,0.0585,0.0081,5.73
14,50,-0.0975,-0.0098,41.27
15,16,0.0685,0.0163,-131.44
15,17,0.0321,0.0152,-136.08
15,18,0.0197,0.0063,-41.05
15,19,-0.0541,-0.0009,-42.91
15,20,0.0141,-0.0038,-51.01
15,21,0.0184,0.0083,-41.31
15,22,0.0036,0.0041,-154.46
15,23,0.0391,0.003,-17.22
15,24,0.0188,-0.0185,-118.43
15,25,-0.0018,0.0009,10.21
15,26,-0.0239,0.0076,55.96
15,27,0.0045,-0.0016,-126.46
15,28,0.0131,0.0132,38.67
15,29,-0.0364,0.0077,51.63
15,30,0.0368,-0.0078,-13.59
15,31,0.0124,0.0016,-67.04
15,32,0.0024,0.0068,5.28
15,33,-0.0034,-0.0016,88.7
15,34,-0.037,-0.0049,0.66
15,35,0.0164,-0.014,-78.62
15,36,-0.0711,0.0013,-67.1
15,37,-0.0215,0.0076,-38.49
15,38,-0.0031,-0.002,40.33
15,39,0.0016,-0.0069,-10.12
15,40,0.0215,0.0039,-83.82
15,41,0.0079,-0.0108,84.75
15,42,0.0208,0.0029,9.43
15,43,-0.0223,0.0068,-22.25
15,44,-0.0068,0.0087,-33.71
15,45,-0.0366,-0.0119,-63.87
15,46,-0.0731,0.0073,108.53
15,47,0.057,-0.0163,43.49
15,48,0.0569,-0.0046,6.09
15,49,-0.0803,0.0027,-63.81
15,50,0.008,-0.0156,32.57
16,17,0.0207,-0.0098,-59.58
16,18,-0.0747,-0.0047,-20.71
16,19,-0.0565,0.0025,-11.5
16,20,-0.0423,-0.0075,94.99
16,21,0.0081,-0.0033,63.34
16,22,-0.0448,-0.0017,30.31
16,23,-0.0241,0.0024,-34.63
16,24,0.0204,0.0055,-150.0
16,25,0.0476,-0.03,-36.96
16,26,0.041,-0.0032,-87.97
16,27,-0.0437,0.0103,-115.29
16,28,0.0452,-0.0006,-71.54
16,29,-0.0233,-0.0102,51.97
16,30,0.0293,-0.0172,-24.22
16,31,-0.0345,0.0129,-81.01
16,32,0.0642,-0.0003,-69.72
16,33,-0.0271,-0.008,-76.48
16,34,0.0038,-0.0123,-130.82
16,35,-0.0152,-0.018,-45.13
16,36,-0.0364,-0.0087,120.06
16,37,0.0023,0.0025,-106.58
16,38,-0.0262,0.0022,-61.47
16,39,0.0272,-0.012,-35.05
16,40,-0.0176,0.0016,-59.83
16,41,-0.0081,-0.0024,-66.41
16,42,0.0146,0.0024,-21.2
16,43,-0.0129,0.008,-31.51
16,44,-0.0092,0.001,103.76
16,45,-0.0402,0.0077,-147.52
16,46,0.0115,0.0209,44.21
16,47,0.0101,-0.0047,12.17
16,48,-0.0026,-0.0074,-10.29
16,49,0.011,-0.0072,-46.44
16,50,-0.0358,0.0067,48.17
17,18,-0.0031,0.0077,26.15
17,19,0.0018,0.001,13.59
17,20,-0.0259,0.0201,-11.64
17,21,-0.03,0.0023,37.63
17,22,-0.0521,0.0092,13.41
17,23,-0.0433,0.0099,63.8
17,24,-0.0506,0.0178,39.53
17,25,-0.0004,0.0159,9.56
17,26,-0.0011,-0.0066,34.91
17,27,0.0191,0.0001,-47.4
17,28,0.0052,-0.0007,-80.01
17,29,-0.0589,0.0057,-150.0
17,30,0.0082,-0.0048,78.49
17,31,-0.0197,0.0066,-23.81
17,32,0.0045,0.0074,-27.75
17,33,0.0399,-0.0099,17.68
17,34,0.0369,0.0066,114.99
17,35,-0.0305,-0.0138,-59.66
17,36,0.0264,0.005,6.14
17,37,-0.0449,0.0077,-73.48
17,38,0.0464,0.0286,21.99
17,39,0.0175,-0.0049,-141.71
17,40,-0.0181,-0.0109,-116.29
17,41,0.0517,0.0027,11.58
17,42,-0.0093,-0.0017,52.52
17,43,-0.001,0.0053,-28.72
17,44,-0.0103,-0.0141,-153.44
17,45,-0.0078,0.0006,-105.03
17,46,0.004,0.0026,-140.92
17,47,-0.0225,0.0069,37.09
17,48,-0.0296,0.0039,81.57
17,49,0.0283,0.0009,-22.76
17,50,-0.0139,0.0076,23.66
18,19,0.0089,-0.0007,77.31
18,20,-0.0072,0.0058,80.96
18,21,-0.0341,-0.0201,128.04
18,22,-0.0023,-0.0191,-29.97
18,23,0.0132,-0.0048,-15.84
18,24,0.056,-0.0105,-47.89
18,25,0.0085,0.0039,29.78
18,26,0.0364,0.002,29.36
18,27,-0.0104,0.0006,6.45
18,28,0.0086,0.0077,33.31
18,29,0.0018,-0.0081,4.06
18,30,-0.0011,0.0019,132.39
18,31,-0.021,0.0042,64.11
18,32,0.0039,0.0234,-22.68
18,33,0.013,-0.008,-21.09
18,34,0.01,0.0085,19.15
18,35,0.0504,-0.0009,-19.93
18,36,0.1082,0.0039,-43.17
18,37,-0.0278,-0.0094,56.19
18,38,-0.0146,0.0013,-3.81
18,39,0.0219,-0.0085,-90.29
18,40,0.0067,0.006,8.28
18,41,-0.0243,0.0068,-67.07
18,42,-0.0156,-0.0094,76.08
18,43,0.019,0.006,72.3
18,44,0.0844,-0.0171,-66.69
18,45,-0.0185,-0.0085,-90.43
18,46,-0.004,-0.0126,33.45
18,47,0.0066,0.0078,45.54
18,48,0.0231,-0.0025,158.48
18,49,0.012,-0.0203,-60.17
18,50,-0.0472,0.0022,1.47
19,20,-0.0241,0.0181,58.43
19,21,0.0118,-0.0113,-49.94
19,22,-0.0089,-0.0003,-109.94
19,23,-0.0154,-0.0019,4.94
19,24,-0.0325,-0.0054,-10.61
19,25,0.0036,0.006,64.85
19,26,-0.0118,-0.0046,26.26
19,27,0.0244,-0.0043,47.42
19,28,0.0392,0.0129,106.7
19,29,-0.0347,0.0001,0.68
19,30,-0.0039,-0.0065,-89.13
19,31,0.0037,-0.0077,5.16
19,32,-0.0318,-0.011,14.06
19,33,0.006,0.0058,131.15
19,34,0.0111,0.0049,-64.65
19,35,-0.0515,0.0158,-55.41
19,36,-0.0418,-0.0004,-5.41
19,37,-0.0361,-0.003,73.76
19,38,-0.0322,-0.0139,56.56
19,39,0.0148,-0.0062,-125.75
19,40,-0.0223,-0.0005,66.6
19,41,-0.0311,-0.0008,32.26
19,42,-0.0714,0.0103,-97.77
19,43,0.01,0.0025,60.92
19,44,0.0165,-0.0238,-69.93
19,45,0.0041,-0.0019,18.43
19,46,0.0287,0.0093,-5.0
19,47,-0.0504,-0.0035,39.15
19,48,-0.0277,0.0096,73.59
19,49,0.0088,-0.0348,-79.47
19,50,0.0616,-0.0046,-128.89
20,21,0.0271,-0.0019,97.35
20,22,-0.0017,0.0026,45.41
20,23,0.0109,0.0208,87.97
20,24,-0.0632,0.0045,68.49
20,25,0.0481,-0.0043,69.9
20,26,0.0371,0.0257,-45.0
20,27,-0.0203,-0.0031,-29.41
20,28,-0.0356,-0.0276,-26.08
20,29,0.0148,-0.0049,116.12
20,30,0.0005,0.0129,15.69
20,31,0.0331,0.0028,82.13
20,32,0.0022,0.005,21.98
20,33,-0.0115,0.004,134.06
20,34,-0.0108,0.0042,75.47
20,35,0.0456,0.0001,-143.0
20,36,0.0207,-0.0222,88.2
20,37,0.0068,0.01,-54.13
20,38,-0.0621,0.0026,-2.02
20,39,-0.0147,0.0008,178.72
20,40,0.025,0.0105,44.08
20,41,0.0444,-0.0019,-158.83
20,42,-0.0057,0.0081,-82.89
20,43,-0.0053,-0.0069,90.14
20,44,0.0225,0.0065,28.51
20,45,-0.0011,0.002,-97.96
20,46,-0.0606,0.0038,32.68
20,47,0.0413,0.0209,119.9
20,48,-0.0249,-0.0022,43.62
20,49,0.081,0.0198,88.36
20,50,-0.0066,-0.0086,65.22
21,22,-0.043,-0.0044,11.97
21,23,0.0378,-0.0055,-150.75
21,24,0.0202,-0.007,2.56
21,25,-0.0035,-0.0027,47.42
21,26,-0.0613,-0.0052,41.04
21,27,-0.0246,-0.0161,40.11
21,28,0.0449,-0.0004,-117.65
21,29,0.0282,-0.0166,18.53
21,30,-0.0355,-0.0116,-26.51
21,31,-0.0073,-0.0064,35.32
21,32,-0.0178,0.0098,16.87
21,33,-0.0279,-0.0087,-98.85
21,34,0.0116,-0.0035,-142.33
21,35,-0.0214,-0.009,94.54
21,36,-0.0681,-0.0144,66.6
21,37,0.0543,-0.0074,-37.93
21,38,0.0246,-0.0233,-111.67
21,39,-0.0084,0.0155,-45.5
21,40,0.003,0.0113,132.48
21,41,-0.0173,-0.0002,112.54
21,42,-0.0457,0.0103,-86.28
21,43,0.0031,-0.0024,-82.06
21,44,-0.0295,0.0028,54.69
21,45,-0.0039,0.0007,24.98
21,46,-0.0241,0.0109,67.35
21,47,0.0831,-0.0025,-22.07
21,48,0.0281,0.0118,-27.46
21,49,-0.0071,0.0085,-47.93
21,50,-0.0073,0.0031,79.72
22,23,-0.0281,-0.0204,-114.16
22,24,-0.0504,-0.0131,-9.28
22,25,-0.0476,-0.007,-46.45
22,26,-0.0176,0.0132,39.72
22,27,0.0006,-0.0046,-25.99
22,28,0.0131,0.0058,-54.46
22,29,0.0015,-0.0203,12.7
22,30,0.0305,-0.0028,108.99
22,31,-0.0352,0.0022,-2.15
22,32,-0.004,-0.0011,6.43
22,33,0.0339,0.0138,-0.14
22,34,0.0326,-0.007,45.96
22,35,-0.0305,0.0109,132.64
22,36,-0.0049,-0.0219,-32.88
22,37,0.0493,0.0055,14.93
22,38,0.0403,0.0048,73.06
22,39,0.0276,0.0152,10.12
22,40,0.0272,-0.0031,-57.1
22,41,0.0512,0.0022,41.34
22,42,0.0037,-0.0059,-14.23
22,43,0.0431,0.0056,-134.8
22,44,-0.0065,0.0178,-29.97
22,45,-0.054,0.0189,32.77
22,46,0.0029,-0.0025,85.76
22,47,-0.0113,0.0158,47.95
22,48,0.0123,0.0037,-2.25
22,49,0.0364,-0.0084,-103.53
22,50,0.0234,0.0096,43.62
23,24,0.0163,-0.0032,47.25
23,25,-0.0018,-0.0049,-18.71
23,26,0.0808,-0.0173,29.99
23,27,-0.0672,-0.0011,-26.02
23,28,-0.0834,0.0039,-22.8
23,29,-0.084,0.0084,86.1
23,30,0.0596,0.0036,2.76
23,31,0.0531,0.0168,68.01
23,32,-0.0377,0.002,26.37
23,33,-0.0724,0.0047,136.38
23,34,0.0256,0.0147,10.97
23,35,-0.0029,0.0038,-48.95
23,36,-0.0386,0.0127,82.34
23,37,-0.0396,0.0097,-5.22
23,38,0.0136,0.0046,59.66
23,39,0.0025,0.0141,6.66
23,40,0.0187,-0.0083,136.11
23,41,0.0141,0.0071,-127.57
23,42,-0.0247,0.0124,5.08
23,43,-0.0574,0.0104,-53.06
23,44,0.0423,-0.0009,-0.67
23,45,0.0354,-0.009,-84.5
23,46,-0.0009,0.0119,-83.16
23,47,-0.045,0.0119,-32.21
23,48,-0.0068,-0.0203,-37.53
23,49,0.0048,0.0132,-43.99
23,50,0.0547,-0.0062,-37.82
24,25,0.0361,0.0001,-18.64
24,26,-0.0147,0.0115,122.63
24,27,-0.0345,-0.0024,26.31
24,28,-0.0396,-0.0026,20.37
24,29,0.0242,0.0101,-3.04
24,30,-0.0164,0.0046,-20.96
24,31,0.0077,-0.0029,-47.86
24,32,-0.0387,0.0125,9.05
24,33,0.0392,-0.0071,40.38
24,34,0.0618,-0.0126,-112.85
24,35,0.0286,-0.0103,18.55
24,36,-0.0276,0.0007,-46.54
24,37,-0.0154,0.0025,-50.58
24,38,-0.031,-0.0055,-80.02
24,39,-0.0127,0.0014,-17.97
24,40,-0.0081,-0.0002,-35.9
24,41,0.0207,0.0172,-22.51
24,42,0.0146,-0.0029,35.58
24,43,0.047,0.0061,-114.14
24,44,0.0136,0.0148,-5.51
24,45,0.0299,-0.0083,-93.99
24,46,0.0092,-0.0171,-6.78
24,47,0.0436,-0.0189,-79.56
24,48,-0.026,0.0032,-15.6
24,49,0.047,0.0155,44.67
24,50,0.0094,0.0087,-50.34
25,26,0.0157,-0.0131,78.48
25,27,0.0256,0.0001,7.67
25,28,0.002,-0.03,41.16
25,29,-0.0134,-0.0025,69.46
25,30,-0.0122,-0.0134,10.1
25,31,-0.008,-0.0009,31.33
25,32,0.0212,-0.0129,32.3
25,33,0.0287,-0.0193,32.58
25,34,-0.0276,-0.0057,-43.34
25,35,-0.0151,0.0164,-68.51
25,36,-0.0451,-0.015,140.92
25,37,-0.0239,-0.0023,-8.19
25,38,-0.0383,-0.0044,180.0
25,39,0.0418,-0.0102,55.33
25,40,-0.0249,-0.0213,81.37
25,41,0.0348,0.0126,-22.89
25,42,-0.005,0.009,37.4
25,43,-0.0118,-0.0194,17.97
25,44,0.0324,-0.0144,54.71
25,45,0.0099,0.009,71.04
25,46,-0.0158,-0.0154,-27.35
25,47,0.0317,-0.0025,-38.58
25,48,-0.0496,0.025,67.8
25,49,0.0281,0.0156,50.37
25,50,-0.0023,0.002,-19.93
26,27,0.069,0.0036,-12.47
26,28,0.004,-0.0121,125.32
26,29,-0.0298,0.003,94.62
26,30,0.0015,-0.0011,20.76
26,31,-0.0117,-0.0078,-11.46
26,32,0.0344,-0.0031,-35.01
26,33,-0.0255,0.009,67.29
26,34,0.0068,-0.0046,60.14
26,35,-0.0293,-0.0046,87.89
26,36,0.0162,-0.0118,-39.89
26,37,-0.0067,0.0153,-114.09
26,38,-0.0017,-0.0158,-24.4
26,39,-0.0109,-0.005,-27.37
26,40,0.0002,-0.0064,-92.37
26,41,0.0234,0.009,69.02
26,42,-0.0462,0.0036,57.32
26,43,-0.0309,0.0001,1.86
26,44,0.0553,0.0231,-106.5
26,45,0.0748,-0.011,78.65
26,46,0.0341,-0.0079,44.53
26,47,0.0018,0.0107,26.15
26,48,0.0409,0.0049,-1.75
26,49,0.0379,0.011,61.23
26,50,-0.0149,-0.0085,-29.74
27,28,-0.0286,0.0059,88.32
27,29,-0.0147,0.0123,115.79
27,30,-0.0027,-0.0102,130.28
27,31,-0.0118,-0.0007,-3.77
27,32,-0.0367,-0.0167,64.3
27,33,-0.0335,0.0286,-56.03
27,34,-0.0477,0.0031,127.05
27,35,-0.0081,0.0037,-109.05
27,36,-0.0303,-0.0127,-112.65
27,37,-0.0065,-0.0244,-72.55
27,38,-0.0261,-0.0103,47.75
27,39,0.0092,0.0107,62.67
27,40,0.0342,-0.0,31.24
27,41,0.0153,0.0017,-17.8
27,42,-0.01,-0.0098,39.51
27,43,-0.0028,-0.008,-36.36
27,44,-0.0363,0.0117,15.5
27,45,-0.0259,0.0097,-29.23
27,46,-0.0372,0.0163,-27.6
27,47,-0.0073,0.0045,89.98
27,48,0.0056,-0.0104,48.07
27,49,-0.0095,0.0267,9.92
27,50,-0.0621,0.0083,146.12
28,29,0.0373,0.0163,-51.38
28,30,0.0174,-0.0092,35.7
28,31,-0.0482,-0.0084,-27.34
28,32,0.017,0.006,39.38
28,33,-0.0505,-0.0051,-32.23
28,34,0.0161,0.0098,93.95
28,35,-0.0327,-0.0294,-103.69
28,36,0.0326,-0.006,-32.55
28,37,0.0393,0.0107,21.71
28,38,-0.0188,-0.0033,35.9
28,39,0.048,0.0051,60.82
28,40,0.0351,-0.014,62.84
28,41,-0.0088,-0.0302,-138.97
28,42,-0.0305,0.0064,17.97
28,43,0.0055,0.0234,-78.84
28,44,-0.0008,0.0037,-41.54
28,45,0.0008,-0.0192,108.69
28,46,-0.0154,0.0284,7.73
28,47,0.0358,0.0034,7.85
28,48,-0.0125,0.0054,32.26
28,49,-0.0185,0.0025,-32.71
28,50,0.074,0.0029,118.17
29,30,-0.0159,0.0006,-72.5
29,31,-0.0234,0.0001,131.02
29,32,-0.0033,0.0118,64.85
29,33,0.0388,-0.0026,180.0
29,34,-0.0246,-0.0097,-64.7
29,35,0.0599,0.0062,-3.39
29,36,0.0275,0.0049,157.63
29,37,-0.0564,-0.0047,-12.38
29,38,-0.0692,0.0086,1.07
29,39,0.0222,0.0283,-14.73
29,40,-0.0126,0.0014,79.11
29,41,-0.017,-0.0076,84.0
29,42,0.0114,-0.0245,-75.78
29,43,0.045,0.0048,-43.35
29,44,-0.0051,0.0002,61.5
29,45,-0.0407,-0.0101,29.11
29,46,0.002,0.0109,-76.07
29,47,0.0157,0.0171,44.08
29,48,0.0092,0.0028,-48.44
29,49,0.0028,0.0191,1.67
29,50,-0.0217,-0.0019,24.06
30,31,-0.0212,0.0029,56.6
30,32,0.0167,0.0122,89.71
30,33,-0.038,-0.011,14.7
30,34,-0.0235,-0.0134,-10.92
30,35,-0.0242,-0.0087,-2.11
30,36,0.0254,-0.0,180.0
30,37,-0.0049,-0.0049,20.29
30,38,-0.0023,0.0024,165.37
30,39,-0.0254,0.0103,24.54
30,40,-0.0471,0.0092,98.73
30,41,-0.0257,-0.0001,-110.77
30,42,-0.0378,0.0126,-22.65
30,43,-0.0333,0.0028,-26.57
30,44,-0.0141,0.0089,-71.32
30,45,-0.0272,0.0018,77.86
30,46,0.0421,-0.004,75.62
30,47,-0.0185,0.0259,-69.36
30,48,0.0449,-0.0039,150.93
30,49,0.0227,-0.0082,-26.56
30,50,0.0284,0.0166,5.05
31,32,-0.0087,0.0056,29.23
31,33,-0.0488,-0.0101,36.46
31,34,0.0265,0.0142,74.57
31,35,-0.0014,0.0055,-26.67
31,36,-0.0146,-0.0102,-67.41
31,37,0.0,-0.0001,68.14
31,38,0.0064,0.0004,58.96
31,39,-0.0013,0.005,-40.83
31,40,0.0111,0.008,-36.88
31,41,0.0016,-0.0075,-26.86
31,42,-0.0337,0.0152,84.6
31,43,0.0161,0.0237,-3.25
31,44,0.091,-0.0027,27.86
31,45,-0.0119,0.0045,68.49
31,46,0.0016,0.0253,26.74
31,47,0.0131,-0.0069,39.29
31,48,0.001,-0.0033,-44.35
31,49,0.0852,0.0008,-91.99
31,50,-0.0159,0.0034,48.27
32,33,0.0066,0.0048,-25.14
32,34,0.0002,-0.0108,-23.38
32,35,-0.0375,-0.0139,94.49
32,36,0.0107,0.0078,22.75
32,37,0.0133,-0.0196,80.42
32,38,-0.0047,0.0043,46.6
32,39,-0.0296,-0.018,-39.84
32,40,0.0169,0.0083,-85.76
32,41,-0.0294,-0.0087,-15.01
32,42,-0.0409,-0.0171,-47.53
32,43,0.0026,-0.0142,1.89
32,44,0.0318,-0.0156,-4.45
32,45,0.0307,-0.005,-30.16
32,46,0.0399,0.0003,87.31
32,47,0.0179,-0.0001,43.58
32,48,0.0146,0.0163,-28.38
32,49,0.0062,0.0033,59.29
32,50,-0.0258,0.0162,42.64
33,34,-0.0495,0.0101,176.39
33,35,0.0201,0.0123,25.98
33,36,-0.0598,-0.0204,37.86
33,37,-0.0278,-0.0111,15.61
33,38,0.0085,-0.0165,-11.42
33,39,0.0453,-0.0129,70.88
33,40,-0.0145,0.0065,86.81
33,41,0.0222,0.0109,-70.61
33,42,0.0334,-0.0102,28.17
33,43,0.0077,0.0058,33.59
33,44,-0.0253,-0.0162,71.06
33,45,0.0056,0.0138,6.87
33,46,-0.0372,0.0156,-15.93
33,47,0.0153,-0.0038,125.1
33,48,-0.0213,-0.0,17.52
33,49,-0.0278,0.008,122.83
33,50,-0.0097,0.0087,-180.0
34,35,-0.0112,-0.0051,-37.29
34,36,0.0224,-0.0053,7.58
34,37,-0.0213,-0.0212,-59.24
34,38,0.0188,-0.0231,-33.64
34,39,-0.012,0.0209,63.8
34,40,-0.0167,0.0157,-41.84
34,41,0.0303,-0.0163,85.13
34,42,-0.0122,-0.0123,-5.2
34,43,0.0083,-0.0059,48.78
34,44,-0.0175,0.0074,40.96
34,45,-0.0018,-0.0053,20.61
34,46,0.0215,0.0287,75.76
34,47,0.0343,0.035,46.12
34,48,0.0195,0.0124,-60.63
34,49,-0.0083,-0.0021,55.33
34,50,-0.0002,0.0057,86.12
35,36,0.0159,-0.0036,-26.9
35,37,0.0241,0.0057,-92.44
35,38,-0.0194,-0.0003,74.52
35,39,0.0273,0.0034,50.97
35,40,0.0019,-0.0081,-8.29
35,41,0.0006,-0.0004,-121.99
35,42,-0.0119,0.0007,-9.7
35,43,-0.0074,0.0059,-65.53
35,44,-0.0488,-0.0042,63.49
35,45,0.0506,0.0094,-92.78
35,46,-0.002,0.0071,22.43
35,47,0.0212,-0.007,14.55
35,48,0.0176,0.0139,-46.4
35,49,-0.0054,-0.0284,-33.5
35,50,-0.0107,-0.0082,21.59
36,37,-0.0117,-0.0246,35.09
36,38,-0.0378,0.0029,-69.73
36,39,0.0009,-0.0034,31.22
36,40,0.0037,-0.0031,-97.54
36,41,-0.0443,-0.007,9.42
36,42,-0.0182,0.0075,-9.55
36,43,-0.029,-0.0033,25.81
36,44,0.0097,0.0225,-36.82
36,45,-0.0022,0.0051,8.36
36,46,-0.01,-0.0146,-25.76
36,47,-0.0272,-0.0167,-45.7
36,48,-0.0264,0.011,52.08
36,49,-0.0221,0.0009,-120.08
36,50,-0.0098,0.0088,67.75
37,38,-0.0314,0.0085,-86.1
37,39,-0.0374,0.0085,126.98
37,40,0.0148,-0.0005,-143.66
37,41,-0.0607,0.0016,-15.06
37,42,-0.0332,0.0008,18.06
37,43,0.0283,0.0016,95.99
37,44,0.0002,-0.0014,84.5
37,45,-0.0294,0.0338,36.27
37,46,0.0164,0.0103,141.4
37,47,0.0288,-0.0153,108.24
37,48,-0.0052,0.0053,-79.55
37,49,0.0208,-0.0038,17.01
37,50,-0.0035,0.0271,148.76
38,39,0.0014,0.0008,-16.14
38,40,0.0332,-0.0039,-19.49
38,41,0.0294,-0.0065,7.36
38,42,-0.0474,0.0085,145.86
38,43,0.0216,0.0175,-49.23
38,44,0.0071,-0.0113,-5.94
38,45,0.0232,0.0012,-88.88
38,46,-0.0345,-0.0126,44.4
38,47,0.0669,0.0203,-122.72
38,48,0.0476,0.0152,-98.17
38,49,-0.0041,0.0171,48.53
38,50,-0.0343,0.0113,-139.63
39,40,-0.0167,0.0094,21.29
39,41,-0.025,0.0069,88.23
39,42,0.0293,0.0067,95.7
39,43,0.012,0.0007,26.27
39,44,-0.0171,-0.0141,-46.87
39,45,-0.0185,0.0004,120.86
39,46,0.0135,0.014,65.55
39,47,0.0069,0.0091,-27.05
39,48,0.0613,0.0096,-93.33
39,49,0.0207,0.0218,-22.69
39,50,0.0307,0.0086,-82.56
40,41,0.0053,-0.0159,-23.79
40,42,0.0223,0.0016,-1.31
40,43,0.0034,-0.0026,20.88
40,44,0.0097,-0.0093,22.82
40,45,-0.0194,-0.0179,-44.43
40,46,0.0699,0.0066,-102.65
40,47,-0.0389,0.0007,99.28
40,48,0.0085,0.0177,14.64
40,49,0.0315,-0.014,55.63
40,50,0.0033,0.0124,-66.99
41,42,-0.0047,0.0015,9.22
41,43,0.0021,-0.0047,-25.43
41,44,0.0382,0.0085,-33.26
41,45,0.0071,-0.0094,-62.93
41,46,0.0512,-0.0184,54.88
41,47,0.0062,-0.0005,18.68
41,48,0.0353,-0.0079,40.24
41,49,0.019,-0.0131,-21.89
41,50,0.0633,0.0221,40.21
42,43,-0.0457,0.0029,79.56
42,44,0.0118,0.0058,45.43
42,45,-0.0122,-0.0081,-112.86
42,46,0.0269,0.0042,29.03
42,47,-0.0318,0.0097,133.82
42,48,0.0177,0.0013,11.63
42,49,0.0861,-0.0103,4.22
42,50,-0.013,-0.0046,-13.47
43,44,0.0304,0.016,51.37
43,45,-0.0213,0.0229,-9.93
43,46,-0.005,-0.0193,87.73
43,47,0.0489,0.031,-107.27
43,48,0.066,0.0028,46.43
43,49,-0.0427,0.0196,45.06
43,50,0.0136,0.0097,-63.58
44,45,-0.0274,-0.0066,-109.69
44,46,0.0452,0.0163,-59.09
44,47,0.0272,-0.0012,12.98
44,48,-0.007,-0.0086,63.65
44,49,0.0128,0.0263,-6.76
44,50,-0.0174,0.0167,34.16
45,46,0.0404,0.0163,-55.7
45,47,0.0105,-0.0001,-100.35
45,48,0.0058,0.018,6.61
45,49,-0.0321,-0.0167,106.53
45,50,0.0118,-0.0058,-29.18
46,47,-0.0543,0.0122,-7.51
46,48,0.031,-0.0015,120.07
46,49,-0.0023,0.0065,70.34
46,50,0.0087,0.0015,3.7
47,48,0.0475,-0.0111,20.3
47,49,-0.0096,0.002,-10.06
47,50,-0.0006,-0.0037,-90.74
48,49,-0.0097,-0.013,-101.41
48,50,-0.0059,0.0029,56.87
49,50,0.007,-0.0213,-75.27
